version,source,target,type
bitcoin-wallet-7.07-prod,wallet,wallet.data,package
bitcoin-wallet-7.07-prod,wallet.data,wallet,package
bitcoin-wallet-7.07-prod,wallet.data,wallet.service,package
bitcoin-wallet-7.07-prod,wallet.data,wallet.ui.send,package
bitcoin-wallet-7.07-prod,wallet.offline,wallet,package
bitcoin-wallet-7.07-prod,wallet.offline,wallet.data,package
bitcoin-wallet-7.07-prod,wallet.service,wallet,package
bitcoin-wallet-7.07-prod,wallet.service,wallet.data,package
bitcoin-wallet-7.07-prod,wallet.ui,wallet,package
bitcoin-wallet-7.07-prod,wallet.ui,wallet.data,package
bitcoin-wallet-7.07-prod,wallet.ui,wallet.service,package
bitcoin-wallet-7.07-prod,wallet.ui,wallet.util,package
bitcoin-wallet-7.07-prod,wallet.ui.backup,wallet,package
bitcoin-wallet-7.07-prod,wallet.ui.backup,wallet.data,package
bitcoin-wallet-7.07-prod,wallet.ui.backup,wallet.ui,package
bitcoin-wallet-7.07-prod,wallet.ui.monitor,wallet,package
bitcoin-wallet-7.07-prod,wallet.ui.monitor,wallet.data,package
bitcoin-wallet-7.07-prod,wallet.ui.monitor,wallet.service,package
bitcoin-wallet-7.07-prod,wallet.ui.monitor,wallet.ui,package
bitcoin-wallet-7.07-prod,wallet.ui.preference,wallet,package
bitcoin-wallet-7.07-prod,wallet.ui.scan,wallet.ui,package
bitcoin-wallet-7.07-prod,wallet.ui.send,wallet,package
bitcoin-wallet-7.07-prod,wallet.ui.send,wallet.data,package
bitcoin-wallet-7.07-prod,wallet.ui.send,wallet.ui,package
bitcoin-wallet-7.07-prod,wallet.Configuration,wallet.data.ExchangeRate,class
bitcoin-wallet-7.07-prod,wallet.Constants,wallet.Constants$Files,class
bitcoin-wallet-7.07-prod,wallet.Constants$Files,wallet.Constants,class
bitcoin-wallet-7.07-prod,wallet.WalletApplication,wallet.Configuration,class
bitcoin-wallet-7.07-prod,wallet.WalletApplication,wallet.WalletApplication$OnWalletLoadedListener,class
bitcoin-wallet-7.07-prod,wallet.WalletApplication$OnWalletLoadedListener,wallet.WalletApplication,class
bitcoin-wallet-7.07-prod,wallet.WalletBalanceWidgetProvider,wallet.data.ExchangeRate,class
bitcoin-wallet-7.07-prod,wallet.data.AbstractWalletLiveData,wallet.WalletApplication,class
bitcoin-wallet-7.07-prod,wallet.data.AbstractWalletLiveData,wallet.WalletApplication$OnWalletLoadedListener,class
bitcoin-wallet-7.07-prod,wallet.data.AbstractWalletLiveData,wallet.data.ThrottelingLiveData,class
bitcoin-wallet-7.07-prod,wallet.data.AddressBookDao,wallet.data.AddressBookEntry,class
bitcoin-wallet-7.07-prod,wallet.data.AppDatabase,wallet.data.AddressBookDao,class
bitcoin-wallet-7.07-prod,wallet.data.BlockchainStateLiveData,wallet.WalletApplication,class
bitcoin-wallet-7.07-prod,wallet.data.BlockchainStateLiveData,wallet.service.BlockchainState,class
bitcoin-wallet-7.07-prod,wallet.data.ConfigFormatLiveData,wallet.Configuration,class
bitcoin-wallet-7.07-prod,wallet.data.ConfigFormatLiveData,wallet.WalletApplication,class
bitcoin-wallet-7.07-prod,wallet.data.ConfigOwnNameLiveData,wallet.Configuration,class
bitcoin-wallet-7.07-prod,wallet.data.ConfigOwnNameLiveData,wallet.WalletApplication,class
bitcoin-wallet-7.07-prod,wallet.data.DynamicFeeLiveData,wallet.WalletApplication,class
bitcoin-wallet-7.07-prod,wallet.data.DynamicFeeLiveData,wallet.ui.send.FeeCategory,class
bitcoin-wallet-7.07-prod,wallet.data.ExchangeRatesProvider,wallet.Configuration,class
bitcoin-wallet-7.07-prod,wallet.data.ExchangeRatesProvider,wallet.data.ExchangeRate,class
bitcoin-wallet-7.07-prod,wallet.data.PaymentIntent,wallet.data.PaymentIntent$Output,class
bitcoin-wallet-7.07-prod,wallet.data.PaymentIntent,wallet.data.PaymentIntent$Standard,class
bitcoin-wallet-7.07-prod,wallet.data.PaymentIntent$Output,wallet.data.PaymentIntent,class
bitcoin-wallet-7.07-prod,wallet.data.PaymentIntent$Standard,wallet.data.PaymentIntent,class
bitcoin-wallet-7.07-prod,wallet.data.SelectedExchangeRateLiveData,wallet.Configuration,class
bitcoin-wallet-7.07-prod,wallet.data.SelectedExchangeRateLiveData,wallet.WalletApplication,class
bitcoin-wallet-7.07-prod,wallet.data.SelectedExchangeRateLiveData,wallet.data.ExchangeRate,class
bitcoin-wallet-7.07-prod,wallet.data.TimeLiveData,wallet.WalletApplication,class
bitcoin-wallet-7.07-prod,wallet.data.WalletBalanceLiveData,wallet.Configuration,class
bitcoin-wallet-7.07-prod,wallet.data.WalletBalanceLiveData,wallet.WalletApplication,class
bitcoin-wallet-7.07-prod,wallet.data.WalletBalanceLiveData,wallet.data.AbstractWalletLiveData,class
bitcoin-wallet-7.07-prod,wallet.data.WalletBalanceLiveData,wallet.data.WalletBalanceLiveData$WalletListener,class
bitcoin-wallet-7.07-prod,wallet.data.WalletBalanceLiveData$WalletListener,wallet.data.WalletBalanceLiveData,class
bitcoin-wallet-7.07-prod,wallet.data.WalletLiveData,wallet.WalletApplication,class
bitcoin-wallet-7.07-prod,wallet.data.WalletLiveData,wallet.data.AbstractWalletLiveData,class
bitcoin-wallet-7.07-prod,wallet.offline.AcceptBluetoothService,wallet.WalletApplication,class
bitcoin-wallet-7.07-prod,wallet.offline.AcceptBluetoothService,wallet.data.WalletLiveData,class
bitcoin-wallet-7.07-prod,wallet.offline.AcceptBluetoothService,wallet.offline.AcceptBluetoothThread,class
bitcoin-wallet-7.07-prod,wallet.offline.AcceptBluetoothThread,wallet.offline.AcceptBluetoothThread$ClassicBluetoothThread,class
bitcoin-wallet-7.07-prod,wallet.offline.AcceptBluetoothThread,wallet.offline.AcceptBluetoothThread$PaymentProtocolThread,class
bitcoin-wallet-7.07-prod,wallet.offline.AcceptBluetoothThread$ClassicBluetoothThread,wallet.offline.AcceptBluetoothThread,class
bitcoin-wallet-7.07-prod,wallet.offline.AcceptBluetoothThread$PaymentProtocolThread,wallet.offline.AcceptBluetoothThread,class
bitcoin-wallet-7.07-prod,wallet.offline.DirectPaymentTask,wallet.offline.DirectPaymentTask$BluetoothPaymentTask,class
bitcoin-wallet-7.07-prod,wallet.offline.DirectPaymentTask,wallet.offline.DirectPaymentTask$HttpPaymentTask,class
bitcoin-wallet-7.07-prod,wallet.offline.DirectPaymentTask,wallet.offline.DirectPaymentTask$ResultCallback,class
bitcoin-wallet-7.07-prod,wallet.offline.DirectPaymentTask$BluetoothPaymentTask,wallet.offline.DirectPaymentTask,class
bitcoin-wallet-7.07-prod,wallet.offline.DirectPaymentTask$BluetoothPaymentTask,wallet.offline.DirectPaymentTask$ResultCallback,class
bitcoin-wallet-7.07-prod,wallet.offline.DirectPaymentTask$HttpPaymentTask,wallet.offline.DirectPaymentTask,class
bitcoin-wallet-7.07-prod,wallet.offline.DirectPaymentTask$HttpPaymentTask,wallet.offline.DirectPaymentTask$ResultCallback,class
bitcoin-wallet-7.07-prod,wallet.offline.DirectPaymentTask$ResultCallback,wallet.offline.DirectPaymentTask,class
bitcoin-wallet-7.07-prod,wallet.service.BlockchainService,wallet.Configuration,class
bitcoin-wallet-7.07-prod,wallet.service.BlockchainService,wallet.WalletApplication,class
bitcoin-wallet-7.07-prod,wallet.service.BlockchainService,wallet.data.AddressBookDao,class
bitcoin-wallet-7.07-prod,wallet.service.BlockchainService,wallet.data.WalletLiveData,class
bitcoin-wallet-7.07-prod,wallet.service.BlockchainService,wallet.service.BlockchainService$ImpedimentsLiveData,class
bitcoin-wallet-7.07-prod,wallet.service.BlockchainService,wallet.service.BlockchainService$LocalBinder,class
bitcoin-wallet-7.07-prod,wallet.service.BlockchainService,wallet.service.BlockchainService$NewTransactionLiveData,class
bitcoin-wallet-7.07-prod,wallet.service.BlockchainService,wallet.service.BlockchainService$PeerConnectivityListener,class
bitcoin-wallet-7.07-prod,wallet.service.BlockchainService,wallet.service.BlockchainState,class
bitcoin-wallet-7.07-prod,wallet.service.BlockchainService$ImpedimentsLiveData,wallet.WalletApplication,class
bitcoin-wallet-7.07-prod,wallet.service.BlockchainService$ImpedimentsLiveData,wallet.service.BlockchainService,class
bitcoin-wallet-7.07-prod,wallet.service.BlockchainService$ImpedimentsLiveData,wallet.service.BlockchainState,class
bitcoin-wallet-7.07-prod,wallet.service.BlockchainService$ImpedimentsLiveData,wallet.service.BlockchainState$Impediment,class
bitcoin-wallet-7.07-prod,wallet.service.BlockchainService$LocalBinder,wallet.service.BlockchainService,class
bitcoin-wallet-7.07-prod,wallet.service.BlockchainService$NewTransactionLiveData,wallet.service.BlockchainService,class
bitcoin-wallet-7.07-prod,wallet.service.BlockchainService$PeerConnectivityListener,wallet.service.BlockchainService,class
bitcoin-wallet-7.07-prod,wallet.service.BlockchainState,wallet.service.BlockchainState$Impediment,class
bitcoin-wallet-7.07-prod,wallet.service.BlockchainState$Impediment,wallet.service.BlockchainState,class
bitcoin-wallet-7.07-prod,wallet.service.InactivityNotificationService,wallet.Configuration,class
bitcoin-wallet-7.07-prod,wallet.service.InactivityNotificationService,wallet.WalletApplication,class
bitcoin-wallet-7.07-prod,wallet.service.UpgradeWalletService,wallet.WalletApplication,class
bitcoin-wallet-7.07-prod,wallet.ui.AbstractWalletActivity,wallet.WalletApplication,class
bitcoin-wallet-7.07-prod,wallet.ui.AddressBookActivity,wallet.ui.AbstractWalletActivity,class
bitcoin-wallet-7.07-prod,wallet.ui.AddressBookActivity,wallet.ui.AddressBookActivity$TwoFragmentAdapter,class
bitcoin-wallet-7.07-prod,wallet.ui.AddressBookActivity,wallet.ui.SendingAddressesFragment,class
bitcoin-wallet-7.07-prod,wallet.ui.AddressBookActivity,wallet.ui.WalletAddressesFragment,class
bitcoin-wallet-7.07-prod,wallet.ui.AddressBookActivity$TwoFragmentAdapter,wallet.ui.AddressBookActivity,class
bitcoin-wallet-7.07-prod,wallet.ui.AlertDialogsFragment,wallet.WalletApplication,class
bitcoin-wallet-7.07-prod,wallet.ui.AlertDialogsFragment,wallet.ui.AbstractWalletActivity,class
bitcoin-wallet-7.07-prod,wallet.ui.CurrencyAmountView,wallet.ui.CurrencyAmountView$Listener,class
bitcoin-wallet-7.07-prod,wallet.ui.CurrencyAmountView,wallet.ui.CurrencyAmountView$TextViewListener,class
bitcoin-wallet-7.07-prod,wallet.ui.CurrencyAmountView$Listener,wallet.ui.CurrencyAmountView,class
bitcoin-wallet-7.07-prod,wallet.ui.CurrencyAmountView$TextViewListener,wallet.ui.CurrencyAmountView,class
bitcoin-wallet-7.07-prod,wallet.ui.CurrencyCalculatorLink,wallet.ui.CurrencyAmountView,class
bitcoin-wallet-7.07-prod,wallet.ui.CurrencyCalculatorLink,wallet.ui.CurrencyAmountView$Listener,class
bitcoin-wallet-7.07-prod,wallet.ui.EditAddressBookEntryFragment,wallet.data.AddressBookDao,class
bitcoin-wallet-7.07-prod,wallet.ui.EditAddressBookEntryFragment,wallet.ui.AbstractWalletActivity,class
bitcoin-wallet-7.07-prod,wallet.ui.EncryptKeysDialogFragment,wallet.WalletApplication,class
bitcoin-wallet-7.07-prod,wallet.ui.EncryptKeysDialogFragment,wallet.ui.AbstractWalletActivity,class
bitcoin-wallet-7.07-prod,wallet.ui.EncryptKeysDialogFragment,wallet.ui.EncryptKeysDialogFragment$State,class
bitcoin-wallet-7.07-prod,wallet.ui.EncryptKeysDialogFragment$State,wallet.ui.EncryptKeysDialogFragment,class
bitcoin-wallet-7.07-prod,wallet.ui.Event,wallet.ui.Event$Observer,class
bitcoin-wallet-7.07-prod,wallet.ui.Event$Observer,wallet.ui.Event,class
bitcoin-wallet-7.07-prod,wallet.ui.ExchangeRatesActivity,wallet.ui.AbstractWalletActivity,class
bitcoin-wallet-7.07-prod,wallet.ui.ExchangeRatesAdapter,wallet.service.BlockchainState,class
bitcoin-wallet-7.07-prod,wallet.ui.ExchangeRatesAdapter,wallet.ui.ExchangeRatesAdapter$ListItem,class
bitcoin-wallet-7.07-prod,wallet.ui.ExchangeRatesAdapter,wallet.ui.ExchangeRatesAdapter$OnClickListener,class
bitcoin-wallet-7.07-prod,wallet.ui.ExchangeRatesAdapter,wallet.ui.ExchangeRatesAdapter$ViewHolder,class
bitcoin-wallet-7.07-prod,wallet.ui.ExchangeRatesAdapter$ListItem,wallet.data.ExchangeRate,class
bitcoin-wallet-7.07-prod,wallet.ui.ExchangeRatesAdapter$ListItem,wallet.ui.ExchangeRatesAdapter,class
bitcoin-wallet-7.07-prod,wallet.ui.ExchangeRatesAdapter$OnClickListener,wallet.ui.ExchangeRatesAdapter,class
bitcoin-wallet-7.07-prod,wallet.ui.ExchangeRatesAdapter$ViewHolder,wallet.ui.CurrencyTextView,class
bitcoin-wallet-7.07-prod,wallet.ui.ExchangeRatesAdapter$ViewHolder,wallet.ui.ExchangeRatesAdapter,class
bitcoin-wallet-7.07-prod,wallet.ui.ExchangeRatesFragment,wallet.Configuration,class
bitcoin-wallet-7.07-prod,wallet.ui.ExchangeRatesFragment,wallet.WalletApplication,class
bitcoin-wallet-7.07-prod,wallet.ui.ExchangeRatesFragment,wallet.ui.AbstractWalletActivity,class
bitcoin-wallet-7.07-prod,wallet.ui.ExchangeRatesFragment,wallet.ui.ExchangeRatesAdapter,class
bitcoin-wallet-7.07-prod,wallet.ui.ExchangeRatesFragment,wallet.ui.ExchangeRatesAdapter$OnClickListener,class
bitcoin-wallet-7.07-prod,wallet.ui.ExchangeRatesFragment,wallet.ui.ExchangeRatesViewModel,class
bitcoin-wallet-7.07-prod,wallet.ui.ExchangeRatesViewModel,wallet.WalletApplication,class
bitcoin-wallet-7.07-prod,wallet.ui.ExchangeRatesViewModel,wallet.data.BlockchainStateLiveData,class
bitcoin-wallet-7.07-prod,wallet.ui.ExchangeRatesViewModel,wallet.data.WalletBalanceLiveData,class
bitcoin-wallet-7.07-prod,wallet.ui.ExchangeRatesViewModel,wallet.ui.ExchangeRatesViewModel$ExchangeRatesLiveData,class
bitcoin-wallet-7.07-prod,wallet.ui.ExchangeRatesViewModel$ExchangeRatesLiveData,wallet.WalletApplication,class
bitcoin-wallet-7.07-prod,wallet.ui.ExchangeRatesViewModel$ExchangeRatesLiveData,wallet.ui.ExchangeRatesViewModel,class
bitcoin-wallet-7.07-prod,wallet.ui.InputParser,wallet.data.PaymentIntent,class
bitcoin-wallet-7.07-prod,wallet.ui.InputParser,wallet.ui.InputParser$BinaryInputParser,class
bitcoin-wallet-7.07-prod,wallet.ui.InputParser,wallet.ui.InputParser$StreamInputParser,class
bitcoin-wallet-7.07-prod,wallet.ui.InputParser,wallet.ui.InputParser$StringInputParser,class
bitcoin-wallet-7.07-prod,wallet.ui.InputParser$BinaryInputParser,wallet.ui.InputParser,class
bitcoin-wallet-7.07-prod,wallet.ui.InputParser$StreamInputParser,wallet.ui.InputParser,class
bitcoin-wallet-7.07-prod,wallet.ui.InputParser$StringInputParser,wallet.ui.InputParser,class
bitcoin-wallet-7.07-prod,wallet.ui.MaybeMaintenanceFragment,wallet.ui.MaybeMaintenanceViewModel,class
bitcoin-wallet-7.07-prod,wallet.ui.MaybeMaintenanceViewModel,wallet.WalletApplication,class
bitcoin-wallet-7.07-prod,wallet.ui.MaybeMaintenanceViewModel,wallet.data.BlockchainStateLiveData,class
bitcoin-wallet-7.07-prod,wallet.ui.MaybeMaintenanceViewModel,wallet.ui.MaybeMaintenanceViewModel$WalletMaintenanceRecommendedLiveData,class
bitcoin-wallet-7.07-prod,wallet.ui.MaybeMaintenanceViewModel$WalletMaintenanceRecommendedLiveData,wallet.WalletApplication,class
bitcoin-wallet-7.07-prod,wallet.ui.MaybeMaintenanceViewModel$WalletMaintenanceRecommendedLiveData,wallet.data.AbstractWalletLiveData,class
bitcoin-wallet-7.07-prod,wallet.ui.MaybeMaintenanceViewModel$WalletMaintenanceRecommendedLiveData,wallet.ui.MaybeMaintenanceViewModel,class
bitcoin-wallet-7.07-prod,wallet.ui.ProgressDialogFragment,wallet.ui.ProgressDialogFragment$Observer,class
bitcoin-wallet-7.07-prod,wallet.ui.ProgressDialogFragment$Observer,wallet.ui.ProgressDialogFragment,class
bitcoin-wallet-7.07-prod,wallet.ui.ReportIssueDialogBuilder,wallet.ui.DialogBuilder,class
bitcoin-wallet-7.07-prod,wallet.ui.ReportIssueDialogFragment,wallet.WalletApplication,class
bitcoin-wallet-7.07-prod,wallet.ui.ReportIssueDialogFragment,wallet.ui.AbstractWalletActivity,class
bitcoin-wallet-7.07-prod,wallet.ui.ReportIssueDialogFragment,wallet.ui.ReportIssueViewModel,class
bitcoin-wallet-7.07-prod,wallet.ui.ReportIssueViewModel,wallet.WalletApplication,class
bitcoin-wallet-7.07-prod,wallet.ui.ReportIssueViewModel,wallet.data.WalletLiveData,class
bitcoin-wallet-7.07-prod,wallet.ui.RequestCoinsActivity,wallet.ui.AbstractWalletActivity,class
bitcoin-wallet-7.07-prod,wallet.ui.RequestCoinsActivity,wallet.ui.RequestCoinsActivityViewModel,class
bitcoin-wallet-7.07-prod,wallet.ui.RequestCoinsActivityViewModel,wallet.ui.Event,class
bitcoin-wallet-7.07-prod,wallet.ui.RequestCoinsFragment,wallet.Configuration,class
bitcoin-wallet-7.07-prod,wallet.ui.RequestCoinsFragment,wallet.WalletApplication,class
bitcoin-wallet-7.07-prod,wallet.ui.RequestCoinsFragment,wallet.ui.AbstractWalletActivity,class
bitcoin-wallet-7.07-prod,wallet.ui.RequestCoinsFragment,wallet.ui.CurrencyCalculatorLink,class
bitcoin-wallet-7.07-prod,wallet.ui.RequestCoinsFragment,wallet.ui.RequestCoinsViewModel,class
bitcoin-wallet-7.07-prod,wallet.ui.RequestCoinsViewModel,wallet.WalletApplication,class
bitcoin-wallet-7.07-prod,wallet.ui.RequestCoinsViewModel,wallet.data.ConfigOwnNameLiveData,class
bitcoin-wallet-7.07-prod,wallet.ui.RequestCoinsViewModel,wallet.data.SelectedExchangeRateLiveData,class
bitcoin-wallet-7.07-prod,wallet.ui.RequestCoinsViewModel,wallet.ui.Event,class
bitcoin-wallet-7.07-prod,wallet.ui.RequestCoinsViewModel,wallet.ui.RequestCoinsViewModel$FreshReceiveAddressLiveData,class
bitcoin-wallet-7.07-prod,wallet.ui.RequestCoinsViewModel$FreshReceiveAddressLiveData,wallet.WalletApplication,class
bitcoin-wallet-7.07-prod,wallet.ui.RequestCoinsViewModel$FreshReceiveAddressLiveData,wallet.data.AbstractWalletLiveData,class
bitcoin-wallet-7.07-prod,wallet.ui.RequestCoinsViewModel$FreshReceiveAddressLiveData,wallet.ui.RequestCoinsViewModel,class
bitcoin-wallet-7.07-prod,wallet.ui.SendingAddressesFragment,wallet.data.AddressBookDao,class
bitcoin-wallet-7.07-prod,wallet.ui.SendingAddressesFragment,wallet.data.AddressBookEntry,class
bitcoin-wallet-7.07-prod,wallet.ui.SendingAddressesFragment,wallet.ui.AbstractWalletActivity,class
bitcoin-wallet-7.07-prod,wallet.ui.SendingAddressesFragment,wallet.ui.FancyListFragment,class
bitcoin-wallet-7.07-prod,wallet.ui.SendingAddressesFragment,wallet.ui.SendingAddressesViewModel,class
bitcoin-wallet-7.07-prod,wallet.ui.SendingAddressesViewModel,wallet.WalletApplication,class
bitcoin-wallet-7.07-prod,wallet.ui.SendingAddressesViewModel,wallet.data.AddressBookEntry,class
bitcoin-wallet-7.07-prod,wallet.ui.SendingAddressesViewModel,wallet.data.WalletLiveData,class
bitcoin-wallet-7.07-prod,wallet.ui.SendingAddressesViewModel,wallet.ui.Event,class
bitcoin-wallet-7.07-prod,wallet.ui.SendingAddressesViewModel,wallet.ui.SendingAddressesViewModel$AddressesToExcludeLiveData,class
bitcoin-wallet-7.07-prod,wallet.ui.SendingAddressesViewModel,wallet.ui.SendingAddressesViewModel$ClipLiveData,class
bitcoin-wallet-7.07-prod,wallet.ui.SendingAddressesViewModel$AddressesToExcludeLiveData,wallet.WalletApplication,class
bitcoin-wallet-7.07-prod,wallet.ui.SendingAddressesViewModel$AddressesToExcludeLiveData,wallet.data.AbstractWalletLiveData,class
bitcoin-wallet-7.07-prod,wallet.ui.SendingAddressesViewModel$AddressesToExcludeLiveData,wallet.ui.SendingAddressesViewModel,class
bitcoin-wallet-7.07-prod,wallet.ui.SendingAddressesViewModel$ClipLiveData,wallet.WalletApplication,class
bitcoin-wallet-7.07-prod,wallet.ui.SendingAddressesViewModel$ClipLiveData,wallet.ui.SendingAddressesViewModel,class
bitcoin-wallet-7.07-prod,wallet.ui.TransactionsAdapter,wallet.data.AddressBookEntry,class
bitcoin-wallet-7.07-prod,wallet.ui.TransactionsAdapter,wallet.ui.TransactionsAdapter$ChangeType,class
bitcoin-wallet-7.07-prod,wallet.ui.TransactionsAdapter,wallet.ui.TransactionsAdapter$ItemAnimator,class
bitcoin-wallet-7.07-prod,wallet.ui.TransactionsAdapter,wallet.ui.TransactionsAdapter$ListItem,class
bitcoin-wallet-7.07-prod,wallet.ui.TransactionsAdapter,wallet.ui.TransactionsAdapter$OnClickListener,class
bitcoin-wallet-7.07-prod,wallet.ui.TransactionsAdapter,wallet.ui.TransactionsAdapter$TransactionViewHolder,class
bitcoin-wallet-7.07-prod,wallet.ui.TransactionsAdapter,wallet.ui.TransactionsAdapter$WarningType,class
bitcoin-wallet-7.07-prod,wallet.ui.TransactionsAdapter,wallet.ui.TransactionsAdapter$WarningViewHolder,class
bitcoin-wallet-7.07-prod,wallet.ui.TransactionsAdapter$ChangeType,wallet.ui.TransactionsAdapter,class
bitcoin-wallet-7.07-prod,wallet.ui.TransactionsAdapter$ItemAnimator,wallet.ui.TransactionsAdapter,class
bitcoin-wallet-7.07-prod,wallet.ui.TransactionsAdapter$ListItem,wallet.ui.TransactionsAdapter,class
bitcoin-wallet-7.07-prod,wallet.ui.TransactionsAdapter$OnClickListener,wallet.ui.TransactionsAdapter,class
bitcoin-wallet-7.07-prod,wallet.ui.TransactionsAdapter$TransactionViewHolder,wallet.ui.CircularProgressView,class
bitcoin-wallet-7.07-prod,wallet.ui.TransactionsAdapter$TransactionViewHolder,wallet.ui.CurrencyTextView,class
bitcoin-wallet-7.07-prod,wallet.ui.TransactionsAdapter$TransactionViewHolder,wallet.ui.TransactionsAdapter,class
bitcoin-wallet-7.07-prod,wallet.ui.TransactionsAdapter$TransactionViewHolder,wallet.ui.TransactionsAdapter$ListItem,class
bitcoin-wallet-7.07-prod,wallet.ui.TransactionsAdapter$WarningType,wallet.ui.TransactionsAdapter,class
bitcoin-wallet-7.07-prod,wallet.ui.TransactionsAdapter$WarningViewHolder,wallet.ui.TransactionsAdapter,class
bitcoin-wallet-7.07-prod,wallet.ui.WalletActionsFragment,wallet.ui.WalletActivity,class
bitcoin-wallet-7.07-prod,wallet.ui.WalletActivity,wallet.WalletApplication,class
bitcoin-wallet-7.07-prod,wallet.ui.WalletActivity,wallet.ui.AbstractWalletActivity,class
bitcoin-wallet-7.07-prod,wallet.ui.WalletActivity,wallet.ui.WalletActivity$QuickReturnBehavior,class
bitcoin-wallet-7.07-prod,wallet.ui.WalletActivity,wallet.ui.WalletActivityViewModel,class
bitcoin-wallet-7.07-prod,wallet.ui.WalletActivity$QuickReturnBehavior,wallet.ui.WalletActivity,class
bitcoin-wallet-7.07-prod,wallet.ui.WalletActivityViewModel,wallet.WalletApplication,class
bitcoin-wallet-7.07-prod,wallet.ui.WalletActivityViewModel,wallet.ui.Event,class
bitcoin-wallet-7.07-prod,wallet.ui.WalletActivityViewModel,wallet.ui.WalletActivityViewModel$EnterAnimationState,class
bitcoin-wallet-7.07-prod,wallet.ui.WalletActivityViewModel,wallet.ui.WalletActivityViewModel$WalletEncryptedLiveData,class
bitcoin-wallet-7.07-prod,wallet.ui.WalletActivityViewModel,wallet.ui.WalletActivityViewModel$WalletLegacyFallbackLiveData,class
bitcoin-wallet-7.07-prod,wallet.ui.WalletActivityViewModel,wallet.util.OnFirstPreDraw,class
bitcoin-wallet-7.07-prod,wallet.ui.WalletActivityViewModel,wallet.util.OnFirstPreDraw$Callback,class
bitcoin-wallet-7.07-prod,wallet.ui.WalletActivityViewModel$EnterAnimationState,wallet.ui.WalletActivityViewModel,class
bitcoin-wallet-7.07-prod,wallet.ui.WalletActivityViewModel$WalletEncryptedLiveData,wallet.WalletApplication,class
bitcoin-wallet-7.07-prod,wallet.ui.WalletActivityViewModel$WalletEncryptedLiveData,wallet.data.AbstractWalletLiveData,class
bitcoin-wallet-7.07-prod,wallet.ui.WalletActivityViewModel$WalletEncryptedLiveData,wallet.ui.WalletActivityViewModel,class
bitcoin-wallet-7.07-prod,wallet.ui.WalletActivityViewModel$WalletLegacyFallbackLiveData,wallet.WalletApplication,class
bitcoin-wallet-7.07-prod,wallet.ui.WalletActivityViewModel$WalletLegacyFallbackLiveData,wallet.data.AbstractWalletLiveData,class
bitcoin-wallet-7.07-prod,wallet.ui.WalletActivityViewModel$WalletLegacyFallbackLiveData,wallet.ui.WalletActivityViewModel,class
bitcoin-wallet-7.07-prod,wallet.ui.WalletAddressFragment,wallet.ui.WalletActivity,class
bitcoin-wallet-7.07-prod,wallet.ui.WalletAddressFragment,wallet.ui.WalletAddressViewModel,class
bitcoin-wallet-7.07-prod,wallet.ui.WalletAddressViewModel,wallet.WalletApplication,class
bitcoin-wallet-7.07-prod,wallet.ui.WalletAddressViewModel,wallet.data.ConfigOwnNameLiveData,class
bitcoin-wallet-7.07-prod,wallet.ui.WalletAddressViewModel,wallet.ui.Event,class
bitcoin-wallet-7.07-prod,wallet.ui.WalletAddressViewModel,wallet.ui.WalletAddressViewModel$CurrentAddressLiveData,class
bitcoin-wallet-7.07-prod,wallet.ui.WalletAddressViewModel$CurrentAddressLiveData,wallet.WalletApplication,class
bitcoin-wallet-7.07-prod,wallet.ui.WalletAddressViewModel$CurrentAddressLiveData,wallet.data.AbstractWalletLiveData,class
bitcoin-wallet-7.07-prod,wallet.ui.WalletAddressViewModel$CurrentAddressLiveData,wallet.ui.WalletAddressViewModel,class
bitcoin-wallet-7.07-prod,wallet.ui.WalletAddressesAdapter,wallet.data.AddressBookEntry,class
bitcoin-wallet-7.07-prod,wallet.ui.WalletAddressesFragment,wallet.WalletApplication,class
bitcoin-wallet-7.07-prod,wallet.ui.WalletAddressesFragment,wallet.data.AddressBookDao,class
bitcoin-wallet-7.07-prod,wallet.ui.WalletAddressesFragment,wallet.ui.AbstractWalletActivity,class
bitcoin-wallet-7.07-prod,wallet.ui.WalletAddressesFragment,wallet.ui.FancyListFragment,class
bitcoin-wallet-7.07-prod,wallet.ui.WalletAddressesFragment,wallet.ui.WalletAddressesAdapter,class
bitcoin-wallet-7.07-prod,wallet.ui.WalletAddressesFragment,wallet.ui.WalletAddressesViewModel,class
bitcoin-wallet-7.07-prod,wallet.ui.WalletAddressesViewModel,wallet.WalletApplication,class
bitcoin-wallet-7.07-prod,wallet.ui.WalletAddressesViewModel,wallet.data.AddressBookEntry,class
bitcoin-wallet-7.07-prod,wallet.ui.WalletAddressesViewModel,wallet.data.ConfigOwnNameLiveData,class
bitcoin-wallet-7.07-prod,wallet.ui.WalletAddressesViewModel,wallet.data.WalletLiveData,class
bitcoin-wallet-7.07-prod,wallet.ui.WalletAddressesViewModel,wallet.ui.Event,class
bitcoin-wallet-7.07-prod,wallet.ui.WalletAddressesViewModel,wallet.ui.WalletAddressesViewModel$ImportedAddressesLiveData,class
bitcoin-wallet-7.07-prod,wallet.ui.WalletAddressesViewModel,wallet.ui.WalletAddressesViewModel$IssuedReceiveAddressesLiveData,class
bitcoin-wallet-7.07-prod,wallet.ui.WalletAddressesViewModel$ImportedAddressesLiveData,wallet.WalletApplication,class
bitcoin-wallet-7.07-prod,wallet.ui.WalletAddressesViewModel$ImportedAddressesLiveData,wallet.data.AbstractWalletLiveData,class
bitcoin-wallet-7.07-prod,wallet.ui.WalletAddressesViewModel$ImportedAddressesLiveData,wallet.ui.WalletAddressesViewModel,class
bitcoin-wallet-7.07-prod,wallet.ui.WalletAddressesViewModel$IssuedReceiveAddressesLiveData,wallet.WalletApplication,class
bitcoin-wallet-7.07-prod,wallet.ui.WalletAddressesViewModel$IssuedReceiveAddressesLiveData,wallet.data.AbstractWalletLiveData,class
bitcoin-wallet-7.07-prod,wallet.ui.WalletAddressesViewModel$IssuedReceiveAddressesLiveData,wallet.ui.WalletAddressesViewModel,class
bitcoin-wallet-7.07-prod,wallet.ui.WalletBalanceFragment,wallet.Configuration,class
bitcoin-wallet-7.07-prod,wallet.ui.WalletBalanceFragment,wallet.WalletApplication,class
bitcoin-wallet-7.07-prod,wallet.ui.WalletBalanceFragment,wallet.ui.CurrencyTextView,class
bitcoin-wallet-7.07-prod,wallet.ui.WalletBalanceFragment,wallet.ui.WalletActivity,class
bitcoin-wallet-7.07-prod,wallet.ui.WalletBalanceFragment,wallet.ui.WalletBalanceViewModel,class
bitcoin-wallet-7.07-prod,wallet.ui.WalletBalanceViewModel,wallet.WalletApplication,class
bitcoin-wallet-7.07-prod,wallet.ui.WalletBalanceViewModel,wallet.data.BlockchainStateLiveData,class
bitcoin-wallet-7.07-prod,wallet.ui.WalletBalanceViewModel,wallet.data.SelectedExchangeRateLiveData,class
bitcoin-wallet-7.07-prod,wallet.ui.WalletBalanceViewModel,wallet.data.WalletBalanceLiveData,class
bitcoin-wallet-7.07-prod,wallet.ui.WalletDisclaimerFragment,wallet.ui.WalletDisclaimerViewModel,class
bitcoin-wallet-7.07-prod,wallet.ui.WalletDisclaimerViewModel,wallet.WalletApplication,class
bitcoin-wallet-7.07-prod,wallet.ui.WalletDisclaimerViewModel,wallet.data.BlockchainStateLiveData,class
bitcoin-wallet-7.07-prod,wallet.ui.WalletDisclaimerViewModel,wallet.ui.WalletDisclaimerViewModel$DisclaimerEnabledLiveData,class
bitcoin-wallet-7.07-prod,wallet.ui.WalletDisclaimerViewModel$DisclaimerEnabledLiveData,wallet.Configuration,class
bitcoin-wallet-7.07-prod,wallet.ui.WalletDisclaimerViewModel$DisclaimerEnabledLiveData,wallet.WalletApplication,class
bitcoin-wallet-7.07-prod,wallet.ui.WalletDisclaimerViewModel$DisclaimerEnabledLiveData,wallet.ui.WalletDisclaimerViewModel,class
bitcoin-wallet-7.07-prod,wallet.ui.WalletTransactionsFragment,wallet.Configuration,class
bitcoin-wallet-7.07-prod,wallet.ui.WalletTransactionsFragment,wallet.WalletApplication,class
bitcoin-wallet-7.07-prod,wallet.ui.WalletTransactionsFragment,wallet.data.AddressBookDao,class
bitcoin-wallet-7.07-prod,wallet.ui.WalletTransactionsFragment,wallet.ui.AbstractWalletActivity,class
bitcoin-wallet-7.07-prod,wallet.ui.WalletTransactionsFragment,wallet.ui.TransactionsAdapter,class
bitcoin-wallet-7.07-prod,wallet.ui.WalletTransactionsFragment,wallet.ui.TransactionsAdapter$OnClickListener,class
bitcoin-wallet-7.07-prod,wallet.ui.WalletTransactionsFragment,wallet.ui.TransactionsAdapter$WarningType,class
bitcoin-wallet-7.07-prod,wallet.ui.WalletTransactionsFragment,wallet.ui.WalletTransactionsViewModel,class
bitcoin-wallet-7.07-prod,wallet.ui.WalletTransactionsViewModel,wallet.WalletApplication,class
bitcoin-wallet-7.07-prod,wallet.ui.WalletTransactionsViewModel,wallet.data.AddressBookEntry,class
bitcoin-wallet-7.07-prod,wallet.ui.WalletTransactionsViewModel,wallet.data.ConfigFormatLiveData,class
bitcoin-wallet-7.07-prod,wallet.ui.WalletTransactionsViewModel,wallet.data.WalletLiveData,class
bitcoin-wallet-7.07-prod,wallet.ui.WalletTransactionsViewModel,wallet.ui.Event,class
bitcoin-wallet-7.07-prod,wallet.ui.WalletTransactionsViewModel,wallet.ui.TransactionsAdapter,class
bitcoin-wallet-7.07-prod,wallet.ui.WalletTransactionsViewModel,wallet.ui.TransactionsAdapter$ListItem,class
bitcoin-wallet-7.07-prod,wallet.ui.WalletTransactionsViewModel,wallet.ui.TransactionsAdapter$WarningType,class
bitcoin-wallet-7.07-prod,wallet.ui.WalletTransactionsViewModel,wallet.ui.WalletTransactionsViewModel$Direction,class
bitcoin-wallet-7.07-prod,wallet.ui.WalletTransactionsViewModel,wallet.ui.WalletTransactionsViewModel$TransactionsConfidenceLiveData,class
bitcoin-wallet-7.07-prod,wallet.ui.WalletTransactionsViewModel,wallet.ui.WalletTransactionsViewModel$TransactionsLiveData,class
bitcoin-wallet-7.07-prod,wallet.ui.WalletTransactionsViewModel$Direction,wallet.ui.WalletTransactionsViewModel,class
bitcoin-wallet-7.07-prod,wallet.ui.WalletTransactionsViewModel$TransactionsConfidenceLiveData,wallet.WalletApplication,class
bitcoin-wallet-7.07-prod,wallet.ui.WalletTransactionsViewModel$TransactionsConfidenceLiveData,wallet.data.AbstractWalletLiveData,class
bitcoin-wallet-7.07-prod,wallet.ui.WalletTransactionsViewModel$TransactionsConfidenceLiveData,wallet.ui.WalletTransactionsViewModel,class
bitcoin-wallet-7.07-prod,wallet.ui.WalletTransactionsViewModel$TransactionsLiveData,wallet.WalletApplication,class
bitcoin-wallet-7.07-prod,wallet.ui.WalletTransactionsViewModel$TransactionsLiveData,wallet.data.AbstractWalletLiveData,class
bitcoin-wallet-7.07-prod,wallet.ui.WalletTransactionsViewModel$TransactionsLiveData,wallet.ui.WalletTransactionsViewModel,class
bitcoin-wallet-7.07-prod,wallet.ui.backup.BackupWalletActivity,wallet.ui.AbstractWalletActivity,class
bitcoin-wallet-7.07-prod,wallet.ui.backup.BackupWalletDialogFragment,wallet.WalletApplication,class
bitcoin-wallet-7.07-prod,wallet.ui.backup.BackupWalletDialogFragment,wallet.ui.AbstractWalletActivity,class
bitcoin-wallet-7.07-prod,wallet.ui.backup.BackupWalletDialogFragment,wallet.ui.backup.BackupWalletDialogFragment$ErrorDialogFragment,class
bitcoin-wallet-7.07-prod,wallet.ui.backup.BackupWalletDialogFragment,wallet.ui.backup.BackupWalletDialogFragment$SuccessDialogFragment,class
bitcoin-wallet-7.07-prod,wallet.ui.backup.BackupWalletDialogFragment,wallet.ui.backup.BackupWalletViewModel,class
bitcoin-wallet-7.07-prod,wallet.ui.backup.BackupWalletDialogFragment$ErrorDialogFragment,wallet.ui.backup.BackupWalletDialogFragment,class
bitcoin-wallet-7.07-prod,wallet.ui.backup.BackupWalletDialogFragment$SuccessDialogFragment,wallet.ui.backup.BackupWalletDialogFragment,class
bitcoin-wallet-7.07-prod,wallet.ui.backup.BackupWalletViewModel,wallet.WalletApplication,class
bitcoin-wallet-7.07-prod,wallet.ui.backup.BackupWalletViewModel,wallet.data.WalletLiveData,class
bitcoin-wallet-7.07-prod,wallet.ui.backup.RestoreWalletDialogFragment,wallet.Configuration,class
bitcoin-wallet-7.07-prod,wallet.ui.backup.RestoreWalletDialogFragment,wallet.WalletApplication,class
bitcoin-wallet-7.07-prod,wallet.ui.backup.RestoreWalletDialogFragment,wallet.ui.AbstractWalletActivity,class
bitcoin-wallet-7.07-prod,wallet.ui.backup.RestoreWalletDialogFragment,wallet.ui.backup.RestoreWalletDialogFragment$FailureDialogFragment,class
bitcoin-wallet-7.07-prod,wallet.ui.backup.RestoreWalletDialogFragment,wallet.ui.backup.RestoreWalletDialogFragment$PermissionDeniedDialogFragment,class
bitcoin-wallet-7.07-prod,wallet.ui.backup.RestoreWalletDialogFragment,wallet.ui.backup.RestoreWalletDialogFragment$SuccessDialogFragment,class
bitcoin-wallet-7.07-prod,wallet.ui.backup.RestoreWalletDialogFragment,wallet.ui.backup.RestoreWalletViewModel,class
bitcoin-wallet-7.07-prod,wallet.ui.backup.RestoreWalletDialogFragment$FailureDialogFragment,wallet.ui.backup.RestoreWalletDialogFragment,class
bitcoin-wallet-7.07-prod,wallet.ui.backup.RestoreWalletDialogFragment$PermissionDeniedDialogFragment,wallet.ui.backup.RestoreWalletDialogFragment,class
bitcoin-wallet-7.07-prod,wallet.ui.backup.RestoreWalletDialogFragment$SuccessDialogFragment,wallet.ui.backup.RestoreWalletDialogFragment,class
bitcoin-wallet-7.07-prod,wallet.ui.backup.RestoreWalletFromExternalActivity,wallet.ui.AbstractWalletActivity,class
bitcoin-wallet-7.07-prod,wallet.ui.backup.RestoreWalletFromExternalDialogFragment,wallet.Configuration,class
bitcoin-wallet-7.07-prod,wallet.ui.backup.RestoreWalletFromExternalDialogFragment,wallet.WalletApplication,class
bitcoin-wallet-7.07-prod,wallet.ui.backup.RestoreWalletFromExternalDialogFragment,wallet.ui.AbstractWalletActivity,class
bitcoin-wallet-7.07-prod,wallet.ui.backup.RestoreWalletFromExternalDialogFragment,wallet.ui.backup.RestoreWalletFromExternalDialogFragment$FailureDialogFragment,class
bitcoin-wallet-7.07-prod,wallet.ui.backup.RestoreWalletFromExternalDialogFragment,wallet.ui.backup.RestoreWalletFromExternalDialogFragment$SuccessDialogFragment,class
bitcoin-wallet-7.07-prod,wallet.ui.backup.RestoreWalletFromExternalDialogFragment,wallet.ui.backup.RestoreWalletViewModel,class
bitcoin-wallet-7.07-prod,wallet.ui.backup.RestoreWalletFromExternalDialogFragment$FailureDialogFragment,wallet.ui.backup.RestoreWalletFromExternalDialogFragment,class
bitcoin-wallet-7.07-prod,wallet.ui.backup.RestoreWalletFromExternalDialogFragment$SuccessDialogFragment,wallet.ui.backup.RestoreWalletFromExternalDialogFragment,class
bitcoin-wallet-7.07-prod,wallet.ui.backup.RestoreWalletViewModel,wallet.WalletApplication,class
bitcoin-wallet-7.07-prod,wallet.ui.backup.RestoreWalletViewModel,wallet.data.WalletBalanceLiveData,class
bitcoin-wallet-7.07-prod,wallet.ui.backup.RestoreWalletViewModel,wallet.ui.Event,class
bitcoin-wallet-7.07-prod,wallet.ui.monitor.BlockListAdapter,wallet.data.AddressBookEntry,class
bitcoin-wallet-7.07-prod,wallet.ui.monitor.BlockListAdapter,wallet.ui.monitor.BlockListAdapter$ListItem,class
bitcoin-wallet-7.07-prod,wallet.ui.monitor.BlockListAdapter,wallet.ui.monitor.BlockListAdapter$OnClickListener,class
bitcoin-wallet-7.07-prod,wallet.ui.monitor.BlockListAdapter,wallet.ui.monitor.BlockListAdapter$ViewHolder,class
bitcoin-wallet-7.07-prod,wallet.ui.monitor.BlockListAdapter$ListItem,wallet.data.AddressBookEntry,class
bitcoin-wallet-7.07-prod,wallet.ui.monitor.BlockListAdapter$ListItem,wallet.ui.monitor.BlockListAdapter,class
bitcoin-wallet-7.07-prod,wallet.ui.monitor.BlockListAdapter$OnClickListener,wallet.ui.monitor.BlockListAdapter,class
bitcoin-wallet-7.07-prod,wallet.ui.monitor.BlockListAdapter$ViewHolder,wallet.ui.monitor.BlockListAdapter,class
bitcoin-wallet-7.07-prod,wallet.ui.monitor.BlockListFragment,wallet.Configuration,class
bitcoin-wallet-7.07-prod,wallet.ui.monitor.BlockListFragment,wallet.WalletApplication,class
bitcoin-wallet-7.07-prod,wallet.ui.monitor.BlockListFragment,wallet.ui.AbstractWalletActivity,class
bitcoin-wallet-7.07-prod,wallet.ui.monitor.BlockListFragment,wallet.ui.monitor.BlockListAdapter,class
bitcoin-wallet-7.07-prod,wallet.ui.monitor.BlockListFragment,wallet.ui.monitor.BlockListAdapter$OnClickListener,class
bitcoin-wallet-7.07-prod,wallet.ui.monitor.BlockListFragment,wallet.ui.monitor.BlockListViewModel,class
bitcoin-wallet-7.07-prod,wallet.ui.monitor.BlockListViewModel,wallet.WalletApplication,class
bitcoin-wallet-7.07-prod,wallet.ui.monitor.BlockListViewModel,wallet.data.AddressBookEntry,class
bitcoin-wallet-7.07-prod,wallet.ui.monitor.BlockListViewModel,wallet.data.TimeLiveData,class
bitcoin-wallet-7.07-prod,wallet.ui.monitor.BlockListViewModel,wallet.data.WalletLiveData,class
bitcoin-wallet-7.07-prod,wallet.ui.monitor.BlockListViewModel,wallet.ui.monitor.BlockListViewModel$BlocksLiveData,class
bitcoin-wallet-7.07-prod,wallet.ui.monitor.BlockListViewModel,wallet.ui.monitor.BlockListViewModel$TransactionsLiveData,class
bitcoin-wallet-7.07-prod,wallet.ui.monitor.BlockListViewModel$BlocksLiveData,wallet.WalletApplication,class
bitcoin-wallet-7.07-prod,wallet.ui.monitor.BlockListViewModel$BlocksLiveData,wallet.service.BlockchainService,class
bitcoin-wallet-7.07-prod,wallet.ui.monitor.BlockListViewModel$BlocksLiveData,wallet.ui.monitor.BlockListViewModel,class
bitcoin-wallet-7.07-prod,wallet.ui.monitor.BlockListViewModel$TransactionsLiveData,wallet.WalletApplication,class
bitcoin-wallet-7.07-prod,wallet.ui.monitor.BlockListViewModel$TransactionsLiveData,wallet.data.AbstractWalletLiveData,class
bitcoin-wallet-7.07-prod,wallet.ui.monitor.BlockListViewModel$TransactionsLiveData,wallet.ui.monitor.BlockListViewModel,class
bitcoin-wallet-7.07-prod,wallet.ui.monitor.NetworkMonitorActivity,wallet.ui.AbstractWalletActivity,class
bitcoin-wallet-7.07-prod,wallet.ui.monitor.NetworkMonitorActivity,wallet.ui.monitor.BlockListFragment,class
bitcoin-wallet-7.07-prod,wallet.ui.monitor.NetworkMonitorActivity,wallet.ui.monitor.NetworkMonitorActivity$PagerAdapter,class
bitcoin-wallet-7.07-prod,wallet.ui.monitor.NetworkMonitorActivity,wallet.ui.monitor.PeerListFragment,class
bitcoin-wallet-7.07-prod,wallet.ui.monitor.NetworkMonitorActivity$PagerAdapter,wallet.ui.monitor.NetworkMonitorActivity,class
bitcoin-wallet-7.07-prod,wallet.ui.monitor.PeerListAdapter,wallet.ui.monitor.PeerListAdapter$ListItem,class
bitcoin-wallet-7.07-prod,wallet.ui.monitor.PeerListAdapter,wallet.ui.monitor.PeerListAdapter$ViewHolder,class
bitcoin-wallet-7.07-prod,wallet.ui.monitor.PeerListAdapter$ListItem,wallet.ui.monitor.PeerListAdapter,class
bitcoin-wallet-7.07-prod,wallet.ui.monitor.PeerListAdapter$ViewHolder,wallet.ui.monitor.PeerListAdapter,class
bitcoin-wallet-7.07-prod,wallet.ui.monitor.PeerListFragment,wallet.ui.monitor.PeerListAdapter,class
bitcoin-wallet-7.07-prod,wallet.ui.monitor.PeerListFragment,wallet.ui.monitor.PeerListViewModel,class
bitcoin-wallet-7.07-prod,wallet.ui.monitor.PeerListViewModel,wallet.WalletApplication,class
bitcoin-wallet-7.07-prod,wallet.ui.monitor.PeerListViewModel,wallet.ui.monitor.PeerListViewModel$HostnamesLiveData,class
bitcoin-wallet-7.07-prod,wallet.ui.monitor.PeerListViewModel,wallet.ui.monitor.PeerListViewModel$PeersLiveData,class
bitcoin-wallet-7.07-prod,wallet.ui.monitor.PeerListViewModel$HostnamesLiveData,wallet.WalletApplication,class
bitcoin-wallet-7.07-prod,wallet.ui.monitor.PeerListViewModel$HostnamesLiveData,wallet.ui.monitor.PeerListViewModel,class
bitcoin-wallet-7.07-prod,wallet.ui.monitor.PeerListViewModel$PeersLiveData,wallet.WalletApplication,class
bitcoin-wallet-7.07-prod,wallet.ui.monitor.PeerListViewModel$PeersLiveData,wallet.service.BlockchainService,class
bitcoin-wallet-7.07-prod,wallet.ui.monitor.PeerListViewModel$PeersLiveData,wallet.ui.monitor.PeerListViewModel,class
bitcoin-wallet-7.07-prod,wallet.ui.preference.AboutFragment,wallet.WalletApplication,class
bitcoin-wallet-7.07-prod,wallet.ui.preference.DiagnosticsFragment,wallet.WalletApplication,class
bitcoin-wallet-7.07-prod,wallet.ui.preference.SettingsFragment,wallet.Configuration,class
bitcoin-wallet-7.07-prod,wallet.ui.preference.SettingsFragment,wallet.WalletApplication,class
bitcoin-wallet-7.07-prod,wallet.ui.scan.ScanActivity,wallet.ui.AbstractWalletActivity,class
bitcoin-wallet-7.07-prod,wallet.ui.scan.ScanActivity,wallet.ui.scan.CameraManager,class
bitcoin-wallet-7.07-prod,wallet.ui.scan.ScanActivity,wallet.ui.scan.ScanActivity$AutoFocusRunnable,class
bitcoin-wallet-7.07-prod,wallet.ui.scan.ScanActivity,wallet.ui.scan.ScanActivity$WarnDialogFragment,class
bitcoin-wallet-7.07-prod,wallet.ui.scan.ScanActivity,wallet.ui.scan.ScanViewModel,class
bitcoin-wallet-7.07-prod,wallet.ui.scan.ScanActivity,wallet.ui.scan.ScannerView,class
bitcoin-wallet-7.07-prod,wallet.ui.scan.ScanActivity$AutoFocusRunnable,wallet.ui.scan.ScanActivity,class
bitcoin-wallet-7.07-prod,wallet.ui.scan.ScanActivity$WarnDialogFragment,wallet.ui.scan.ScanActivity,class
bitcoin-wallet-7.07-prod,wallet.ui.scan.ScanViewModel,wallet.ui.Event,class
bitcoin-wallet-7.07-prod,wallet.ui.send.MaintenanceDialogFragment,wallet.WalletApplication,class
bitcoin-wallet-7.07-prod,wallet.ui.send.MaintenanceDialogFragment,wallet.ui.AbstractWalletActivity,class
bitcoin-wallet-7.07-prod,wallet.ui.send.MaintenanceDialogFragment,wallet.ui.send.MaintenanceDialogFragment$State,class
bitcoin-wallet-7.07-prod,wallet.ui.send.MaintenanceDialogFragment$State,wallet.ui.send.MaintenanceDialogFragment,class
bitcoin-wallet-7.07-prod,wallet.ui.send.RaiseFeeDialogFragment,wallet.Configuration,class
bitcoin-wallet-7.07-prod,wallet.ui.send.RaiseFeeDialogFragment,wallet.WalletApplication,class
bitcoin-wallet-7.07-prod,wallet.ui.send.RaiseFeeDialogFragment,wallet.ui.AbstractWalletActivity,class
bitcoin-wallet-7.07-prod,wallet.ui.send.RaiseFeeDialogFragment,wallet.ui.send.RaiseFeeDialogFragment$State,class
bitcoin-wallet-7.07-prod,wallet.ui.send.RaiseFeeDialogFragment,wallet.ui.send.RaiseFeeViewModel,class
bitcoin-wallet-7.07-prod,wallet.ui.send.RaiseFeeDialogFragment$State,wallet.ui.send.RaiseFeeDialogFragment,class
bitcoin-wallet-7.07-prod,wallet.ui.send.RaiseFeeViewModel,wallet.WalletApplication,class
bitcoin-wallet-7.07-prod,wallet.ui.send.RaiseFeeViewModel,wallet.data.DynamicFeeLiveData,class
bitcoin-wallet-7.07-prod,wallet.ui.send.RequestPaymentRequestTask,wallet.data.PaymentIntent,class
bitcoin-wallet-7.07-prod,wallet.ui.send.RequestPaymentRequestTask,wallet.ui.send.RequestPaymentRequestTask$BluetoothRequestTask,class
bitcoin-wallet-7.07-prod,wallet.ui.send.RequestPaymentRequestTask,wallet.ui.send.RequestPaymentRequestTask$HttpRequestTask,class
bitcoin-wallet-7.07-prod,wallet.ui.send.RequestPaymentRequestTask,wallet.ui.send.RequestPaymentRequestTask$ResultCallback,class
bitcoin-wallet-7.07-prod,wallet.ui.send.RequestPaymentRequestTask$BluetoothRequestTask,wallet.ui.send.RequestPaymentRequestTask,class
bitcoin-wallet-7.07-prod,wallet.ui.send.RequestPaymentRequestTask$BluetoothRequestTask,wallet.ui.send.RequestPaymentRequestTask$ResultCallback,class
bitcoin-wallet-7.07-prod,wallet.ui.send.RequestPaymentRequestTask$HttpRequestTask,wallet.ui.send.RequestPaymentRequestTask,class
bitcoin-wallet-7.07-prod,wallet.ui.send.RequestPaymentRequestTask$HttpRequestTask,wallet.ui.send.RequestPaymentRequestTask$ResultCallback,class
bitcoin-wallet-7.07-prod,wallet.ui.send.RequestPaymentRequestTask$ResultCallback,wallet.data.PaymentIntent,class
bitcoin-wallet-7.07-prod,wallet.ui.send.RequestPaymentRequestTask$ResultCallback,wallet.ui.send.RequestPaymentRequestTask,class
bitcoin-wallet-7.07-prod,wallet.ui.send.RequestWalletBalanceTask,wallet.ui.send.RequestWalletBalanceTask$ElectrumServer,class
bitcoin-wallet-7.07-prod,wallet.ui.send.RequestWalletBalanceTask,wallet.ui.send.RequestWalletBalanceTask$JsonRpcRequest,class
bitcoin-wallet-7.07-prod,wallet.ui.send.RequestWalletBalanceTask,wallet.ui.send.RequestWalletBalanceTask$JsonRpcResponse,class
bitcoin-wallet-7.07-prod,wallet.ui.send.RequestWalletBalanceTask,wallet.ui.send.RequestWalletBalanceTask$ResultCallback,class
bitcoin-wallet-7.07-prod,wallet.ui.send.RequestWalletBalanceTask$ElectrumServer,wallet.ui.send.RequestWalletBalanceTask,class
bitcoin-wallet-7.07-prod,wallet.ui.send.RequestWalletBalanceTask$JsonRpcRequest,wallet.ui.send.RequestWalletBalanceTask,class
bitcoin-wallet-7.07-prod,wallet.ui.send.RequestWalletBalanceTask$JsonRpcResponse,wallet.ui.send.RequestWalletBalanceTask,class
bitcoin-wallet-7.07-prod,wallet.ui.send.RequestWalletBalanceTask$ResultCallback,wallet.ui.send.RequestWalletBalanceTask,class
bitcoin-wallet-7.07-prod,wallet.ui.send.SendCoinsActivity,wallet.data.PaymentIntent,class
bitcoin-wallet-7.07-prod,wallet.ui.send.SendCoinsActivity,wallet.ui.AbstractWalletActivity,class
bitcoin-wallet-7.07-prod,wallet.ui.send.SendCoinsActivity,wallet.ui.send.FeeCategory,class
bitcoin-wallet-7.07-prod,wallet.ui.send.SendCoinsActivity,wallet.ui.send.SendCoinsActivityViewModel,class
bitcoin-wallet-7.07-prod,wallet.ui.send.SendCoinsActivityViewModel,wallet.ui.Event,class
bitcoin-wallet-7.07-prod,wallet.ui.send.SendCoinsFragment,wallet.Configuration,class
bitcoin-wallet-7.07-prod,wallet.ui.send.SendCoinsFragment,wallet.WalletApplication,class
bitcoin-wallet-7.07-prod,wallet.ui.send.SendCoinsFragment,wallet.data.AddressBookDao,class
bitcoin-wallet-7.07-prod,wallet.ui.send.SendCoinsFragment,wallet.data.PaymentIntent,class
bitcoin-wallet-7.07-prod,wallet.ui.send.SendCoinsFragment,wallet.ui.AbstractWalletActivity,class
bitcoin-wallet-7.07-prod,wallet.ui.send.SendCoinsFragment,wallet.ui.CurrencyAmountView,class
bitcoin-wallet-7.07-prod,wallet.ui.send.SendCoinsFragment,wallet.ui.CurrencyAmountView$Listener,class
bitcoin-wallet-7.07-prod,wallet.ui.send.SendCoinsFragment,wallet.ui.CurrencyCalculatorLink,class
bitcoin-wallet-7.07-prod,wallet.ui.send.SendCoinsFragment,wallet.ui.TransactionsAdapter,class
bitcoin-wallet-7.07-prod,wallet.ui.send.SendCoinsFragment,wallet.ui.TransactionsAdapter$TransactionViewHolder,class
bitcoin-wallet-7.07-prod,wallet.ui.send.SendCoinsFragment,wallet.ui.send.FeeCategory,class
bitcoin-wallet-7.07-prod,wallet.ui.send.SendCoinsFragment,wallet.ui.send.SendCoinsFragment$ReceivingAddressListener,class
bitcoin-wallet-7.07-prod,wallet.ui.send.SendCoinsFragment,wallet.ui.send.SendCoinsFragment$ReceivingAddressViewAdapter,class
bitcoin-wallet-7.07-prod,wallet.ui.send.SendCoinsFragment,wallet.ui.send.SendCoinsViewModel,class
bitcoin-wallet-7.07-prod,wallet.ui.send.SendCoinsFragment,wallet.ui.send.SendCoinsViewModel$State,class
bitcoin-wallet-7.07-prod,wallet.ui.send.SendCoinsFragment$ReceivingAddressListener,wallet.ui.send.SendCoinsFragment,class
bitcoin-wallet-7.07-prod,wallet.ui.send.SendCoinsFragment$ReceivingAddressViewAdapter,wallet.data.AddressBookEntry,class
bitcoin-wallet-7.07-prod,wallet.ui.send.SendCoinsFragment$ReceivingAddressViewAdapter,wallet.ui.send.SendCoinsFragment,class
bitcoin-wallet-7.07-prod,wallet.ui.send.SendCoinsViewModel,wallet.WalletApplication,class
bitcoin-wallet-7.07-prod,wallet.ui.send.SendCoinsViewModel,wallet.data.AddressBookEntry,class
bitcoin-wallet-7.07-prod,wallet.ui.send.SendCoinsViewModel,wallet.data.BlockchainStateLiveData,class
bitcoin-wallet-7.07-prod,wallet.ui.send.SendCoinsViewModel,wallet.data.DynamicFeeLiveData,class
bitcoin-wallet-7.07-prod,wallet.ui.send.SendCoinsViewModel,wallet.data.PaymentIntent,class
bitcoin-wallet-7.07-prod,wallet.ui.send.SendCoinsViewModel,wallet.data.SelectedExchangeRateLiveData,class
bitcoin-wallet-7.07-prod,wallet.ui.send.SendCoinsViewModel,wallet.data.WalletBalanceLiveData,class
bitcoin-wallet-7.07-prod,wallet.ui.send.SendCoinsViewModel,wallet.data.WalletLiveData,class
bitcoin-wallet-7.07-prod,wallet.ui.send.SendCoinsViewModel,wallet.ui.AddressAndLabel,class
bitcoin-wallet-7.07-prod,wallet.ui.send.SendCoinsViewModel,wallet.ui.send.FeeCategory,class
bitcoin-wallet-7.07-prod,wallet.ui.send.SendCoinsViewModel,wallet.ui.send.SendCoinsViewModel$State,class
bitcoin-wallet-7.07-prod,wallet.ui.send.SendCoinsViewModel$State,wallet.ui.send.SendCoinsViewModel,class
bitcoin-wallet-7.07-prod,wallet.ui.send.SweepWalletActivity,wallet.ui.AbstractWalletActivity,class
bitcoin-wallet-7.07-prod,wallet.ui.send.SweepWalletFragment,wallet.Configuration,class
bitcoin-wallet-7.07-prod,wallet.ui.send.SweepWalletFragment,wallet.WalletApplication,class
bitcoin-wallet-7.07-prod,wallet.ui.send.SweepWalletFragment,wallet.ui.AbstractWalletActivity,class
bitcoin-wallet-7.07-prod,wallet.ui.send.SweepWalletFragment,wallet.ui.TransactionsAdapter,class
bitcoin-wallet-7.07-prod,wallet.ui.send.SweepWalletFragment,wallet.ui.TransactionsAdapter$TransactionViewHolder,class
bitcoin-wallet-7.07-prod,wallet.ui.send.SweepWalletFragment,wallet.ui.send.SweepWalletFragment$FakeTransaction,class
bitcoin-wallet-7.07-prod,wallet.ui.send.SweepWalletFragment,wallet.ui.send.SweepWalletViewModel,class
bitcoin-wallet-7.07-prod,wallet.ui.send.SweepWalletFragment,wallet.ui.send.SweepWalletViewModel$State,class
bitcoin-wallet-7.07-prod,wallet.ui.send.SweepWalletFragment$FakeTransaction,wallet.ui.send.SweepWalletFragment,class
bitcoin-wallet-7.07-prod,wallet.ui.send.SweepWalletViewModel,wallet.WalletApplication,class
bitcoin-wallet-7.07-prod,wallet.ui.send.SweepWalletViewModel,wallet.data.DynamicFeeLiveData,class
bitcoin-wallet-7.07-prod,wallet.ui.send.SweepWalletViewModel,wallet.ui.send.SweepWalletViewModel$State,class
bitcoin-wallet-7.07-prod,wallet.ui.send.SweepWalletViewModel$State,wallet.ui.send.SweepWalletViewModel,class
bitcoin-wallet-7.07-prod,wallet.util.CrashReporter,wallet.util.CrashReporter$ExceptionHandler,class
bitcoin-wallet-7.07-prod,wallet.util.CrashReporter$ExceptionHandler,wallet.util.CrashReporter,class
bitcoin-wallet-7.07-prod,wallet.util.OnFirstPreDraw,wallet.util.OnFirstPreDraw$Callback,class
bitcoin-wallet-7.07-prod,wallet.util.OnFirstPreDraw$Callback,wallet.util.OnFirstPreDraw,class
bitcoin-wallet-7.07-prod,wallet.util.WalletUtils,wallet.util.WalletUtils$MonospaceSpan,class
bitcoin-wallet-7.07-prod,wallet.util.WalletUtils$MonospaceSpan,wallet.util.WalletUtils,class
